1	1	ES	2165	1	2189	7	1946	19	1805	0	−7	0	−7	0	+15	+3	+146	+3	+130	+3	+163	780	340	302	138	461	138	181	1591	697
2	2	AR	2113	1	2172	5	1987	26	1751	0	0	0	0	0	−28	−1	−27	+5	+119	−1	+63	1109	381	419	309	610	228	271	2112	1136
3	3	FR	2081	1	2135	16	1795	40	1514	0	+19	0	+19	0	+51	−1	−3	0	−1	+3	+112	938	473	341	124	474	269	195	1706	1272
4	4	EN	2020	1	2213	4	1983	17	1810	0	−22	0	−22	0	+9	+2	+22	+4	+43	+4	+56	1160	509	524	127	683	215	262	2719	1118
5	5	BR	1984	1	2195	4	1998	20	1805	+1	+6	+1	+6	0	−9	−2	−43	−4	−151	−2	−38	1065	372	346	347	670	172	223	2294	954
5	5	PT	1984	2	2060	19	1797	41	1624	+2	+8	+2	+8	+1	−4	0	−28	0	−50	+7	+72	694	320	262	112	346	189	159	1222	779
7	7	CO	1975	3	2069	48	1621	102	1304	−2	−23	−2	−23	+2	+24	−1	−23	+7	+79	−2	−6	648	184	229	235	265	205	178	842	741
8	8	NL	1961	1	2153	15	1848	55	1553	0	+2	0	+2	0	−5	+2	−7	+2	+7	+5	+61	901	429	358	114	465	239	197	1892	1142
9	9	EC	1933	9	1934	64	1525	121	1183	0	0	0	0	+3	+22	+5	+60	+10	+105	+5	+61	598	183	211	204	183	254	161	719	903
10	10	HR	1930	4	2015	12	1881	28	1780	0	−2	0	−2	+2	+19	+2	−22	+8	+95	+8	+112	398	156	167	75	209	83	106	694	401
11	11	DE	1923	1	2223	8	1911	25	1637	+1	+13	+1	+13	−4	−64	+2	+3	+1	−10	−9	−109	1045	469	415	161	604	224	217	2352	1232
12	12	NO	1912	6	1944	38	1623	85	1364	−1	−10	−1	−10	+9	+83	+24	+175	+22	+163	+38	+283	886	425	409	52	334	355	197	1373	1443
13	13	JP	1904	9	1913	62	1467	114	1126	+3	+26	+3	+26	+1	+28	+4	+52	+18	+145	+15	+142	835	331	207	297	408	257	170	1517	985
14	14	TR	1902	9	1902	42	1611	77	1358	+1	+22	+1	+22	+4	+65	+17	+153	+8	+94	+3	+81	669	290	300	79	263	250	156	947	969
15	15	UY	1892	1	2104	12	1876	44	1636	−1	+2	−1	+2	−5	−29	−7	−96	−4	−60	−8	−73	1019	336	432	251	446	321	252	1610	1254
16	16	CH	1889	9	1933	27	1690	56	1485	−3	−8	−3	−8	+8	+77	+5	+86	−1	+4	+10	+120	895	425	392	78	319	373	203	1335	1482
17	17	SN	1878	17	1878	56	1590	107	1387	0	+9	+7	+74	+13	+119	+8	+102	+21	+155	+29	+219	704	221	259	224	319	192	193	967	669
18	19	BE	1867	1	2157	24	1755	70	1503	+2	+17	0	+17	−3	+23	−10	−119	−17	−239	−9	−61	876	415	375	86	390	302	184	1599	1359
19	20	MX	1860	4	1985	20	1782	48	1498	0	+3	0	+25	+3	+43	+2	+60	−7	−64	−9	−66	1028	297	273	458	533	258	237	1823	1055
20	22	PY	1833	5	1956	23	1755	51	1619	0	0	−1	0	+5	+33	+20	+127	+5	+64	+11	+87	788	214	365	209	276	303	209	1002	1115
21	23	AT	1827	1	2070	20	1810	73	1549	0	+9	0	+9	−5	−10	−7	−30	+10	+73	−3	+36	865	431	383	51	370	310	185	1560	1321
22	24	MA	1822	11	1923	43	1657	86	1510	0	+16	−2	−6	+2	+16	+6	+56	+18	+151	+38	+241	728	318	219	191	364	165	199	1103	614
23	25	CA	1784	21	1841	49	1599	90	1470	0	−21	0	−18	+4	+6	+14	+69	+30	+172	+55	+274	488	152	200	136	189	185	114	626	623
24	26	AU	1783	11	1876	35	1672	77	1475	+4	+9	+4	+9	+10	+46	+3	+13	+13	+70	+12	+65	635	271	223	141	326	179	130	1289	714
25	28	SQ	1767	1	2104	14	1879	63	1598	−1	−23	−1	−23	+6	+25	−2	−8	+15	+101	+12	+53	867	402	413	52	411	268	188	1495	1075
26	31	IR	1764	13	1853	40	1658	79	1450	+2	+9	+2	+9	−11	−66	−11	−55	−2	−2	+4	+28	669	223	195	251	383	132	154	1273	525
27	33	KR	1752	16	1845	35	1687	84	1445	−5	−32	−5	−32	−1	+6	+4	+20	−2	−7	−14	−42	1050	353	255	442	571	221	258	1907	964
28	35	DZ	1743	18	1807	48	1621	110	1386	+5	+15	+5	+26	+10	+35	+13	+80	+1	+3	+12	+89	688	261	233	194	309	196	183	1052	703
29	36	PA	1737	27	1773	99	1362	143	1154	+1	+4	−1	−5	+4	+14	+6	+31	+38	+194	+6	+61	591	200	227	164	196	251	144	736	906
30	38	UZ	1727	25	1766	60	1596	93	1428	+2	−1	−2	−8	+9	+30	+8	+60	+31	+173	+6	+64	365	130	128	107	180	110	75	635	398
31	40	CZ	1726	1	2032	13	1855	46	1669	−2	−5	−2	−5	−9	−29	−12	−45	−12	−42	−10	−30	882	360	416	106	424	261	197	1624	1097
32	41	US	1721	9	1890	41	1642	93	1410	−7	−26	−7	−26	0	−1	−18	−77	−11	−44	−9	−31	825	487	253	85	366	286	173	1246	1073
33	43	SE	1719	2	2013	17	1795	54	1579	+9	+59	+8	+59	−6	−17	+1	+23	−27	−126	−14	−40	1118	489	499	130	549	335	234	2226	1482
34	46	EG	1699	12	1872	37	1662	70	1527	+7	+40	+8	+55	+4	+33	+9	+64	+14	+101	+5	+75	884	354	281	249	447	216	221	1545	921
35	51	JO	1690	40	1701	111	1322	153	1092	−3	+1	+10	+81	+3	+57	+13	+91	+35	+214	+24	+157	582	201	191	190	206	218	158	727	710
36	52	CI	1676	15	1863	45	1640	76	1476	+6	+39	+10	+69	+11	+85	+4	+47	−3	+41	−15	−46	692	241	237	214	348	166	178	1130	695
37	54	CD	1655	20	1782	62	1557	114	1387	+3	+16	+5	+39	+13	+89	+20	+124	+30	+177	+18	+106	547	166	225	156	226	171	150	835	641
38	58	TN	1636	24	1757	47	1616	87	1439	+3	+22	−6	−14	0	+25	−13	−41	−11	−7	+12	+86	775	337	251	187	330	229	216	1105	839
39	63	IQ	1608	23	1740	47	1622	96	1456	+5	+26	+1	+12	+12	+69	−10	−37	−12	−21	+19	+104	760	139	231	390	360	189	211	1203	707
40	67	BA	1591	20	1806	53	1626	90	1469	+2	+19	+1	+19	+12	+65	+21	+113	−18	−44	−33	−151	280	118	136	26	104	111	65	393	385
41	68	NZ	1585	29	1640	66	1499	103	1334	−1	0	−2	0	−6	−10	+7	+60	+14	+100	+7	+52	439	135	189	115	181	179	79	767	645
42	71	SA	1568	29	1735	76	1501	125	1256	−7	−24	−4	−10	−3	+6	−12	−45	−7	−7	+6	+41	835	322	151	362	396	245	194	1281	892
43	72	CV	1549	65	1579	120	1302	146	1172	0	−12	0	−12	+8	+49	−7	−30	+23	+108	+14	+53	251	80	91	80	94	97	60	267	278
44	77	HT	1532	37	1673	81	1418	129	1265	−3	−10	−2	−10	−6	−21	+6	+39	−9	−28	+8	+34	561	181	196	184	246	197	118	957	759
45	79	ZA	1517	7	1847	32	1707	99	1448	−1	−11	−2	−13	−19	−81	−13	−54	+5	+39	−17	−64	525	276	161	88	231	141	153	719	542
46	82	GH	1503	10	1877	42	1651	101	1424	−2	−6	−2	−6	+10	+52	0	+3	−26	−102	−34	−132	778	247	297	234	370	213	195	1247	822
47	90	CW	1436	26	1618	97	1381	188	1011	−3	−30	−3	−30	+38	+113	+34	+99	+6	+3	+85	+311	498	173	176	149	201	173	124	879	767
48	96	QA	1423	26	1771	93	1416	164	965	−4	−2	−13	−63	−13	−75	−45	−224	−50	−221	−22	−115	698	328	147	223	289	233	176	993	826